x,y,z,w
-1.2464324048006716,-1.339914835160722,-0.09348243036005037,-13.641133689324016
-6.342972007390008,-6.5119410809213045,-0.16896907353129664,5.877040606491915
9.734525943483924,11.077687129317718,1.3431611858337944,-10.945384040456448
4.281543551829792,5.521177762849867,1.2396342110200749,0.9590464378346728
0.7734947979650357,2.054166792035524,1.2806719940704885,0.3649440682493016
-1.1371241063734097,0.3026554428639765,1.4397795492373862,-4.126688920440639
0.4071331755579344,2.2629687947416524,1.855835619183718,1.2925682458259904
-7.3139252197594296,-5.739526058498007,1.5743991612614225,-0.616469711747394
0.3735048216629888,2.8190873388041817,2.445582517141193,-1.916466177303612
-6.6471575941355425,-4.436934154173201,2.210223439962341,1.0328000337598915
1.9368843368831996,5.078252229129033,3.1413678922458335,-6.564315984434921
2.8398161479144726,6.331987609174914,3.4921714612604413,9.49670034970463
-9.3919746166949,-6.5387636812665395,2.853210935428361,-4.295669040736664
-7.721605578643878,-4.469748740950259,3.2518568376936186,2.0848331070353625
-7.181711829521655,-3.6214387645399055,3.5602730649817493,4.8742731008278195
7.971286965034569,12.93013437246137,4.958847407426803,5.390255217032829
-5.645739176490528,-1.4522665177112541,4.193472658779274,-4.113280722201987
-7.112477494891674,-2.779668869957991,4.332808624933683,7.795873689565236
3.449498711619203,8.816881692455489,5.367382980836286,-10.02870881689438
-4.026448979753406,1.0154043642132118,5.0418533439666176,-5.6849765945298545
-0.6723765599784937,4.848604770644259,5.520981330622753,-2.5831953258197258
-5.891083455024717,-0.5418498642210725,5.349233590803644,0.27289038423651674
8.955320796307863,15.629460563238812,6.67413976693095,-1.1008478516361309
8.767772037193737,15.63074163672433,6.862969599530593,-4.73099720953476
-4.7180389415820745,1.3275726300260189,6.045611571608093,1.5604014119735508
1.8775412259388506,8.60280511638209,6.725263890443238,-5.5267995601325355
-1.8439236111447883,4.777857361462838,6.621780972607627,-6.575485768015284
-8.127441515969341,-1.8109038781021791,6.316537637867162,6.218912867483082
-1.7782900485407644,5.170612096454147,6.9489021449949115,-0.5197598577847933
-8.920109280437956,-2.360729729508371,6.5593795509295845,-7.901133014329136
-7.0419022744178505,-0.20581528422708573,6.836086990190765,0.8340115612962393
6.472287982208741,14.447316182146245,7.975028199937504,4.284157742121506
4.050793350427014,11.95894325267778,7.9081499022507655,-2.901863119791618
-9.23509561887708,-2.2194597734375527,7.015635845439528,-0.40629196249735994
6.8131117662417005,15.125336910812413,8.312225144570712,4.377722929907503
-9.332441443937814,-2.1492450363019913,7.183196407635823,0.5626323816532046
8.107411423478233,16.669282191601138,8.561870768122905,3.886172493830766
-5.823919279935266,1.7524842746500795,7.576403554585346,0.8032482857455538
-2.3635259946212672,5.520402453460035,7.883928448081302,0.8903334468464397
2.2740248484128607,10.542309610612552,8.268284762199691,1.3114018593871433
9.699236515277338,18.54944483183543,8.850208316558092,7.657890832415352
-5.458596946443491,2.268263645474727,7.726860591918218,1.223505241571683
3.3777215733700814,11.769233775186521,8.39151220181644,-2.016987081622276
-0.7469792876558756,7.325543267021931,8.072522554677807,-7.226199344506957
0.6205005873458109,8.774395941434824,8.153895354089013,11.26290297071712
5.171227440667321,13.633718118468396,8.462490677801075,6.361451857967363
-0.0976503571080336,7.925490778048914,8.023141135156948,-2.258904902535834
8.04272601368718,16.620799938785353,8.578073925098174,4.1579332583298525
-0.22478174097197545,7.666300938760231,7.8910826797322065,8.521949901655601
-1.3633229891678322,6.364203315867981,7.727526305035814,-3.494097491992978
1.31052344294692,9.149295909846519,7.8387724668995995,-10.999782754715042
-7.245162407396988,-0.14835835000765307,7.096804057389335,-1.361519938473249
9.057257901057874,17.26559438103547,8.208336479977598,11.414744384728406
3.3320386043218626,10.989135355640855,7.657096751318992,-7.579949729362015
2.5053965592088563,9.96812084795868,7.462724288749823,3.4258913323979394
9.302732733975756,17.132545010001834,7.829812276026077,-1.8979180434091742
-0.8422202518677384,6.073873209625199,6.916093461492937,-2.1483340566966795
7.500069140649721,14.879069055657585,7.378999915007864,3.8833905032450575
-7.601172743414313,-1.5272178326362553,6.073954910778058,4.715887324502167
-5.6941383984434335,0.3409506768148942,6.035089075258328,-3.6149396720172566
6.955378655450172,13.748105030381017,6.7927263749308455,1.5763058088524973
5.4721051617027285,11.953598007388718,6.48149284568599,-5.250140631740746
-7.019256162038294,-1.6832307767754067,5.336025385262888,-8.10861938817901
-1.540386958606419,3.9896073656859805,5.5299943242923995,1.447174641322865
0.2980067741893233,5.740911779622208,5.442905005432885,-13.933206702499175
-5.011099920943847,-0.19904967101226045,4.812050249931587,0.15081855447471576
-5.635964072266198,-1.1108226523041553,4.5251414199620426,10.42529889365778
-2.1779143295524133,2.3595056529241214,4.537419982476535,5.185293376912803
-1.0991156686580474,3.2654590029615154,4.364574671619563,1.3504084261005378
-1.439657513051415,2.6393018676187747,4.07895938067019,-6.499372690582686
-7.302592520454391,-3.9293777798427585,3.373214740611633,-3.763382153804957
6.645546853169751,10.79327570580806,4.14772885263831,-15.368015779495616
5.949892370556803,9.768664922774182,3.8187725522173794,-1.0035066873529317
8.660685265050237,12.401192519571453,3.7405072545212166,-7.867802593112375
9.149004138493986,12.640168126330305,3.49116398783632,-2.027644019125462
-9.4846206920691,-7.680931791114526,1.8036889009545745,-3.19097570236511
-4.836562659898216,-2.977796634118629,1.858766025779587,4.541419768404099
2.9691689604124,5.116680745381062,2.1475117849686627,7.010537604429557
-8.470945162171954,-7.4808613291199375,0.9900838330520167,2.8667482817839556
-8.784859856007367,-8.120048806763478,0.6648110492438891,-2.3014460185659997
-2.097311070091301,-1.234544059044274,0.8627670110470271,-6.101886536598637
7.448405976174989,8.72204199988465,1.2736360237096622,-3.7400277445611714
-3.2993469387717678,-3.137868211537488,0.16147872723427953,4.329948764457126
-9.808644884186613,-10.442020442260377,-0.6333755580737633,-8.953588747451086
0.1732392020277871,-0.01829732423858252,-0.1915365262663696,-1.73157909362574
4.189284406504804,3.9924396434789124,-0.19684476302589132,12.72381816784426
5.488337082805252,5.08313586076405,-0.40520122204120257,7.035371246974873
-1.9437493688627576,-3.2109817293600016,-1.267232360497244,-3.2513518857655415
8.01549391043158,7.192173784760232,-0.8233201256713475,5.751812071438502
-9.454786157158079,-11.889384031911757,-2.434597874753678,-1.457137692988917
6.020904067687624,4.448428229946313,-1.5724758377413108,6.369156524612125
-4.885031664025186,-7.571131134726294,-2.6860994707011088,3.7094151386116767
4.926285084492971,2.683652368880123,-2.242632715612848,-7.258778903512016
-3.050260891919187,-6.179804613960526,-3.1295437220413382,-3.3751644860631647
6.104004821407486,3.376483128469474,-2.7275216929380117,0.15036631417841115
8.669797146044576,5.854688494994756,-2.815108651049821,1.4640927096103793
-2.5560280117432432,-6.488170489443258,-3.932142477700015,-4.4509739142641465
-0.7210148051541676,-4.78531286172816,-4.064298056573993,-4.8196799188978465
7.429716274838448,3.7126402247159005,-3.7170760501225475,-4.210909185016112
2.7430741056511643,-1.5835089107443014,-4.326583016395466,2.582777025579512
7.903216847409805,3.712076398654337,-4.191140448755468,1.7726775759220577
6.8836701584363595,2.37129372769754,-4.512376430738819,-3.325816962205865
-5.391150727977019,-11.061762716290076,-5.670611988313056,-3.2261957943540978
2.3803594023360652,-2.9375296513857787,-5.317889053721844,0.655554758415706
-3.2432284793684163,-9.205216241494323,-5.961987762125907,1.5230247880284224
-7.913210886275368,-14.43965029573771,-6.526439409462341,5.997334862664285
0.01591792781486845,-6.121608742814517,-6.137526670629385,-0.44495002598758976
-2.2226739115748773,-8.725143434626638,-6.502469523051761,-4.694756409308635
-8.125308596440506,-15.258520710919385,-7.133212114478879,-2.4151661789754764
-8.581359412165675,-15.927549631259723,-7.346190219094047,5.1030598595015775
9.601358412332935,3.449622481320217,-6.151735931012718,-3.033024183536476
-5.911866528258827,-13.386578621022359,-7.474712092763533,2.435915167765706
-8.606096353980568,-16.432368081425444,-7.826271727444875,7.8590984133551585
-2.202709361036561,-9.688015131431364,-7.485305770394803,5.065227715692965
6.7926468334885755,-0.1468930234406054,-6.939539856929181,-0.1043553464819646
7.431170038990832,0.42121904142339694,-7.009950997567435,5.323436742613222
-2.393117488231762,-10.247436900004242,-7.85431941177248,-3.1118373509477157
8.826941413604914,1.7174859311526092,-7.109455482452304,-11.584859779835902
-9.025463619463615,-17.5594462749459,-8.533982655482285,5.65524722191448
-1.4441962548554983,-9.484015323044048,-8.03981906818855,2.318408595395118
6.233451608891766,-1.29370423288501,-7.527155841776776,7.782275565232764
-1.9325211383897578,-10.123924443566905,-8.191403305177147,-7.510982416141558
8.02736572311106,0.5425888911415919,-7.4847768319694685,-7.390560242235437
7.69039112006968,0.15146797834916104,-7.538923141720519,-1.9862582224706966
-0.6385446193638895,-8.819478298765194,-8.180933679401305,-0.033901218416643175
5.2574131879707835,-2.4871065142075466,-7.74451970217833,8.60755615012547
-5.230143675839538,-13.755447284476517,-8.525303608636978,-2.034798412202272
9.462269509969317,2.0562372474912705,-7.406032262478047,1.8227693456136842
-2.8181293891492114,-11.1163183545382,-8.298188965388988,2.018425199356617
-5.42680578364537,-13.880280437216687,-8.453474653571316,-2.491084860767013
0.31956262061740404,-7.651134895279949,-7.970697515897353,-1.3718886433738484
-4.9345143382905015,-13.236107262736677,-8.301592924446176,2.7089045535508056
7.061865477076417,-0.26556749616536646,-7.327432973241783,1.4652679384449752
-9.401434063988411,-17.878017707260213,-8.476583643271804,-6.237379930726277
-0.45806309176979454,-8.167253423807628,-7.709190332037833,-4.0597676743745
-4.636438715929685,-12.55146037011616,-7.915021654186475,-0.7151990257808505
9.497180835148193,2.76048102834348,-6.736699806804713,0.8486114065044804
1.0768595171820738,-6.162478587346329,-7.239338104528403,11.636263383408473
-6.453536682314458,-14.118366434384376,-7.664829752069918,0.25499761876614735
-9.384502379874649,-17.119662161509375,-7.735159781634725,3.4894450131357493
-4.202193104051027,-11.38919539879254,-7.187002294741513,2.8320395293390384
1.1216597043876302,-5.49680408096492,-6.61846378535255,-4.588735433258264
-3.625548471478684,-10.421278576585433,-6.795730105106749,2.7823849238464478
-1.248512009887266,-7.677919390312454,-6.429407380425188,4.679392763356716
-2.266609594759263,-8.575325829581711,-6.308716234822449,0.20490434726353168
7.6669574523872726,2.309030668324625,-5.357926784062648,11.037215053659354
7.705387032176361,2.5645454334163134,-5.140841598760048,-3.3649250309513263
-5.8770189814933715,-11.814211414002429,-5.9371924325090575,-1.2035534284923113
-2.9735700302454937,-8.462863466228692,-5.489293435983198,1.1701017257148991
1.117204201112445,-3.827657176425668,-4.944861377538113,-9.526836645030492
4.651005557135818,0.21594926160979533,-4.435056295526023,-6.174424025743184
5.604326766298906,1.4923376994520154,-4.11198906684689,-3.594721268194066
-8.511405603618002,-13.424065794624783,-4.912660191006781,-2.732375161571291
-7.755720877677817,-12.347621889691084,-4.591901012013266,2.0573230907592004
2.9061013414630192,-0.6163814347465317,-3.522482776209551,-11.009118490425314
6.25900538259128,3.263087349282456,-2.995918033308824,6.579005393223923
-8.627788099947917,-12.460194261987583,-3.832406162039666,-1.2993548362745349
-4.28934703026531,-7.511822212682613,-3.2224751824173032,6.835570805497762
-3.2274698477698793,-6.0816341833024445,-2.854164335532565,-0.6847629981814061
-9.009543457247958,-12.004981312440773,-2.995437855192816,2.7479001486233026
-9.113800667570814,-11.821379360456515,-2.7075786928856997,-4.902110373398431
7.410651882451585,6.240961860668629,-1.169690021782956,3.727663550172754
-2.4696630443145633,-4.079369941591871,-1.6097068972773074,13.53667590304142
-5.740604572688315,-7.292601073472483,-1.5519965007841674,5.319778471393108
3.730706934659116,3.19368345150695,-0.5370234831521657,-10.955379364157855
-0.19208639218772738,-0.7175339651155579,-0.5254475729278305,-3.9856216393356085
-1.4142491971041249,-1.7248473533053945,-0.3105981562012696,-5.257853945752536
5.755796670144221,6.2897542286452675,0.5339575585010463,-5.263427065933025
2.6602094127219544,3.2686548663182564,0.6084454535963021,2.059287781392361
-9.737985804449723,-9.753329164286917,-0.015343359837194037,3.1177317171403347
-3.306864048212317,-2.5348135105243688,0.7720505376879481,-3.9911198901487213
7.666358365912586,9.565010781800465,1.898652415887879,1.0396905361441624
-7.876585471271853,-6.841924661402332,1.0346608098695214,-2.8091925167625496
8.679014811418966,11.254765035213119,2.575750223794152,1.558637819749846
-6.842621634353345,-5.134310031657896,1.7083116026954492,-7.5710953190860995
5.800148319653635,8.750194896487411,2.9500465768337767,-6.018131604551712
-0.5998938011128239,2.160102841252983,2.759996642365807,-7.045804327111276
-6.213419042476714,-3.5884696110200216,2.624949431456692,1.60909433951436
9.28890247186882,13.358100781684598,4.069198309815778,6.555517614576681
-0.8408823583441887,2.745364303430574,3.5862466617747626,-0.7058030484865812
8.585151152979154,13.1499466690983,4.564795516119146,3.2047274514531194
7.414022589812273,12.157007978197235,4.742985388384963,-2.2192693563034505
-9.407947498742653,-5.666535214379438,3.7414122843632143,2.7085068901397955
-1.3336704430575281,3.2670678309061207,4.600738273963649,0.5958429449061642
-8.810530177934728,-4.523481215897827,4.287048962036901,-10.252159284419609
-6.406243508292273,-1.6988290274118176,4.707414480880455,-1.7785260570873396
4.985080039542121,10.779515539876463,5.794435500334343,-0.950329705025441
2.96087054677794,8.82845918397416,5.867588637196221,6.983256413296574
3.734052290837763,9.876575810066358,6.142523519228595,-1.9895167125497546
-5.511594545403742,0.14612082224926048,5.657715367653003,4.528837485362631
5.029116453310113,11.67737316308045,6.648256709770337,3.972789235458287
-3.1451038798205566,3.0811627843344898,6.226266664155046,1.2858877926501546
-3.8290188319196368,2.52784762222052,6.356866454140157,0.14214155612946813
-4.148892754732884,2.3564350181212808,6.505327772854165,2.344824045909096
3.9234240642770537,11.196940849480853,7.273516785203799,-10.48167330006297
4.557845576606246,12.031791315829611,7.473945739223365,-2.9359649369632166
-1.9514170899691319,5.177046175092339,7.1284632650614705,7.844654283688307
-6.951112154877899,-0.06525171049888812,6.885860444379011,11.148409632171344
-3.6257747983159616,3.6313342292085986,7.25710902752456,-0.7296927893171327
8.132865109352963,16.383021230498542,8.25015612114558,9.319421500717667
6.367798424795279,14.585866515333501,8.218068090538223,-3.6511317872039797
1.731435896934224,9.691069118427691,7.959633221493467,-11.275318239782443
-0.273631899142595,7.613787018726813,7.887418917869408,-9.77520343071148
-7.586264597830437,-0.18036496859608597,7.405899629234351,-3.319698826210595
-4.167227297753673,3.550695566854852,7.717922864608525,1.250539408611014
-2.550337791131019,5.33303549428518,7.883373285416199,-6.0290582155258985
8.629733159754117,17.384320956773752,8.754587797019635,5.527694119468335
-4.990382407414444,2.763884913281471,7.754267320695915,-6.9130746669808785
4.622434528896777,13.107300202377719,8.484865673480941,5.397772725872025
-9.157835641352229,-1.708417951552164,7.449417689800065,1.9327305092223208
5.684310574296143,14.233399445280645,8.549088870984502,-1.6600573383144128
7.688190587070753,16.362537779669786,8.674347192599035,6.067410627727661
3.062231940685381,11.353092233914683,8.290860293229303,-4.4038790869079305
-9.44749693688508,-2.1428617065709696,7.304635230314111,5.132106181188232
9.9723314520403,18.674071222305358,8.701739770265059,-0.9128751432749637
-8.535922472070407,-1.292987141544529,7.242935330525878,1.4495393683154536
-3.844442423753007,3.6684661565681047,7.5129085803211115,11.510934849404443
1.685721506472305,9.520418636313035,7.8346971298407295,2.540793457240225
-1.5546837023713564,5.933055420919532,7.487739123290888,5.571034412865637
-2.9089387869561856,4.36249740529395,7.271436192250135,-3.745704277498864
-7.330737330816097,-0.5163129698552034,6.814424360960894,7.6887451541568375
6.369933414344825,14.076066167383118,7.706132753038293,-1.5894098993550954
-5.184757065287398,1.5086600534515169,6.693417118738915,3.8751884415602946
3.724090048263939,10.929492553448593,7.205402505184654,-13.279990848321635
-3.5378059018679986,2.956933898935386,6.4947398008033845,-2.4793216517490837
-8.48799175937378,-2.5401428428289865,5.947848916544794,4.724277034896819
0.0014526727085790725,,6.3995734426798885,3.680599838879946
6.380114193436565,13.064009454685369,6.683895261248804,3.256724214130566
-4.338373241802833,1.3387394722698156,5.677112714072648,-2.8427664184653487
-0.07919188217788964,5.705933576589262,5.785125458767151,2.6308920028950986
4.014915427344949,9.88744365701696,5.872528229672009,-0.6279952721076257
-9.331447383671481,-4.687468919998719,4.643978463672762,-0.34853181272509964
4.048801544536701,9.461132237841806,5.412330693305104,-1.000315990668033
3.047716810926355,8.142540008796388,5.094823197870033,-2.482302802240966
-5.990915164074224,-1.823330704363726,4.167584459710498,4.966111511959788
-6.577207722878102,-2.7094974170447443,3.8677103058333575,0.5771350299263601
-1.7897272558167714,2.1749446521928406,3.964671908009612,-2.260043415517038
-8.307857423214298,-5.09996947386346,3.207887949350838,-2.331858495856241
-9.182514703578653,-6.313594274666568,2.8689204289120847,2.299398377655825
-1.210913311784335,1.9774534399986918,3.1883667517830268,-2.026882505736257
0.19433812183272003,3.205015047949768,3.010676926117048,5.281059770058486
-2.9469493773163657,-0.4592103210925824,2.4877390562237833,-0.21413585733201038
-9.65051656189171,-7.956735648517124,1.693780913374586,11.03677633975052
-9.445551960828153,-8.031024805146885,1.414527155681268,7.512172387987743
-6.218458787580749,-4.859542565632428,1.3589162219483208,-7.13624130788365
2.9402551182865793,4.685838109373459,1.7455829910868796,6.233052919021617
-2.4609411743115572,-1.4228518781618142,1.038089296149743,-4.028540370242565
1.1171554871941343,2.1194605933665382,1.0023051061724042,-1.5476528605053435
0.6501560096077803,1.311989450400858,0.6618334407930776,9.863941204534528
1.7670210005329796,2.2063014025959053,0.43928040206292573,6.8166040164079025
4.198095338293044,4.512952488665025,0.31485715037198125,-2.902638566488106
-7.383343854061167,-8.243848470138701,-0.8605046160775338,6.3412132504595915
1.7066830225408332,1.2216125091588932,-0.48507051338194007,-5.739282850964133
-3.753086693668255,-4.953086640326212,-1.1999999466579574,-3.6247524768187755
2.761898036140769,1.7463805046282228,-1.0155175315125462,8.47480082191772
-9.232909427077441,-11.450441491323645,-2.217532064246203,-3.8721139762545933
1.5439971364111535,-0.16550370937488101,-1.7095008457860346,0.9232412653881343
5.245780737769463,3.5162707403587996,-1.7295099974106638,7.261713376979231
-9.210530794696748,-12.318890259815475,-3.108359465118728,-10.557171210436634
1.8819957984472602,-0.6856147761917009,-2.567610574638961,-1.9252074149986669
-3.092014311932414,-6.320016952306933,-3.2280026403745192,-0.6251751301298275
-5.933197823857814,-9.65737291081401,-3.7241750869561954,5.820482244423962
-4.952650697694825,-8.881708531702415,-3.92905783400759,5.308263019633594
-1.0155204678679475,-4.922661759049948,-3.907141291182001,4.270911374257943
7.551434506205975,4.018890641975558,-3.5325438642304174,-5.304029996481288
2.5200194902775905,-1.6519799330008,-4.171999423278391,-6.414090389987387
-9.184412266810163,-14.490146283836985,-5.305734017026821,-4.034315002343481
9.45198553239388,5.29464001027287,-4.157345522121011,-3.380098935436079
2.5629846414604565,-2.3534620878948553,-4.916446729355312,-4.077574133147614
3.7311548400103423,-1.332845564437001,-5.064000404447343,-1.207511546995476
7.4790325618249724,2.468550431340712,-5.01048213048426,-0.28937694381932483
-1.657438368618486,-7.572811096195371,-5.9153727275768855,6.498419790376551
6.789248721743402,1.2959516686663086,-5.493297053077093,1.711403308046128
0.43278856511227914,-5.740138989245358,-6.172927554357637,-4.46001121803613
2.3585721071840826,-3.863999477003861,-6.222571584187944,2.123872033398916
-1.3874499146896486,-8.075956956789188,-6.6885070420995385,-3.6672837956392454
-5.192113097294659,-12.34159682303524,-7.149483725740581,-0.38548536400546274
8.734581242786927,2.4635790844310828,-6.271002158355844,-3.9985754072096427
0.3316589175955169,-6.725740562220279,-7.057399479815796,2.326449356947837
6.772330136730172,0.05186715002250697,-6.720462986707665,-4.798946840877776
-6.972609340497591,-14.859784701807015,-7.887175361309424,9.733331370323649
3.853104210735305,-3.347519574731389,-7.200623785466694,5.850469091793594
8.740267861732075,1.7914475503932437,-6.948820311338832,-13.318998740517788
-0.6392904749030492,-8.395505277376088,-7.756214802473038,-0.15436457441246443
5.505404782162149,-1.8829316212782707,-7.3883364034404195,0.2399047481377065
6.106599238839937,-1.3185353341782253,-7.425134573018163,-1.547149409854617
7.502623390393648,0.11150523331113327,-7.391118157082515,8.169050078364306
1.9561182840258233,-5.910370345252729,-7.866488629278552,-4.97214003722862
-6.7109200082381175,-15.275431906533873,-8.564511898295756,7.835636111131648
-1.2028269381525991,-9.390771857082772,-8.187944918930173,-3.5413806184693177
-6.010906446144784,-14.584490007517932,-8.573583561373148,1.5145400726199474
-8.328068677116214,-17.08892919080141,-8.760860513685195,-4.428656840108979
-5.797564640313421,-14.37056507215061,-8.573000431837189,5.054459397200917
-5.79810773076757,-14.361511811827135,-8.563404081059565,8.274566661454244
2.351350914461129,-5.579655576992362,-7.931006491453491,-2.01938410373496
6.44838149026015,-1.1426385177213643,-7.591020007981514,9.851784781147549
8.397611348375648,0.9969672875637672,-7.400644060811881,-0.6508184485571619
6.965915492617224,-0.4865103195081204,-7.452425812125345,-6.1924666038297405
2.9888858052352436,-4.694889069677216,-7.6837748749124595,-5.865445465342603
6.367283632416832,-0.9849456243753094,-7.352229256792142,2.4616025436529627
-4.4814343601935125,-12.558025145886607,-8.076590785693094,7.026038957806885
3.933635013587187,-3.411533598337881,-7.345168611925068,-9.321981690111336
2.3648257159246526,-4.98685449277926,-7.351680208703913,6.2271806257709965
-1.7542936356856398,-9.293059514356916,-7.538765878671276,1.7298005067760118
8.437776998095316,1.7957907261433093,-6.641986271952007,1.5689267814453272
-3.5612674696548314,-10.960469850856846,-7.399202381202015,4.692486886266253
-6.3616732486706695,-13.818058722703988,-7.456385474033319,-4.637189135495047
-2.92274703142213,-9.958447788237928,-7.035700756815798,-5.473150490399824
-9.15459590405172,-16.485233463389736,-7.330637559338016,-3.588360952316843
4.307935897341714,-1.8311183654992442,-6.139054262840959,2.685800506671516
-8.053747614758098,-14.928851661637044,-6.875104046878945,-5.161649658850109
-9.417453639750896,-16.194847621290506,-6.777393981539609,-8.762176275433967
-3.396488669778856,-9.513694917428033,-6.117206247649176,-0.4826787699399104
-6.949765872255458,-13.116521658862503,-6.1667557866070455,-1.728951920049939
-8.468149704666832,-14.523815429885538,-6.055665725218706,0.641635371612242
8.508529573137235,3.9587865471201527,-4.549743026017082,5.139913998096865
-4.461843339533516,-9.744320315380541,-5.2824769758470245,0.3303577018852861
-8.586003233991729,-13.930717033734084,-5.344713799742354,-8.156028282180813
-2.284907534860954,-6.9032839467444385,-4.618376411883484,1.0139705545424524
-3.7831378512407294,-8.253806884232834,-4.470669032992103,1.2275912756359881
-2.670754952438889,-6.7919707535175275,-4.121215801078638,14.613243471649366
2.1394747413835304,-1.3493774916632795,-3.48885223304681,1.5504752795539523
5.9571361652522175,3.031390753220512,-2.9257454120317052,-10.798835113630462
-2.4167128393878468,-5.688922161984393,-3.272209322596546,8.318873208589865
-8.978756135077957,-12.45715152265807,-3.4783953875801137,-0.23603300367666502
4.476109319139567,2.296782065215275,-2.1793272539242925,-1.1366519216204531
2.725486741389613,0.708390021721871,-2.017096719667742,-6.78616970709195
-4.5737964593283635,-6.841655306715719,-2.2678588473873558,-2.844776557089588
0.5379912177142963,-1.0470641611720477,-1.585055378886344,-0.31736043463567776
7.5405859243418085,6.782454330222996,-0.7581315941188125,-9.585714453134509
9.198568136687438,8.868395405635125,-0.3301727310523125,2.1021374511809707
4.612151995311141,4.243057819462935,-0.36909417584820553,-0.37899848265951946
3.431648982368671,3.2800929084041526,-0.15155607396451842,-1.100682449358892
4.518649818958899,4.755275747140588,0.23662592818168898,-10.674421435445698
9.317573926586732,10.220921437499191,0.9033475109124591,6.0399150001674204
-5.561742838227679,-5.46783245758101,0.09391038064666901,7.75215018349077
5.596807890752977,6.8333949858110365,1.2365870950580597,0.633846792654694
-4.352503494840998,-3.557490099121535,0.7950133957194631,4.523814237773089
1.0735847174315793,2.578585740192657,1.5050010227610777,-4.053615898001454
5.352786982089766,7.47973491871331,2.1269479366235444,-7.741682625201287
3.459050925946915,5.742523388210817,2.283472462263902,-11.544912415344992
-0.04608960879259172,2.270175766447177,2.3162653752397686,-0.8575488454205603
6.637808056904422,9.747747758122065,3.109939701217643,7.710381422399706
-9.02963595339208,-6.806084494749087,2.2235514586429934,0.3663907765737053
4.232832122178252,7.735616585885187,3.502784463706935,-4.971198912162683
-0.20283492985472762,3.2472958874093263,3.450130817264054,-1.8856167987164156
-5.776193562227561,-2.468967702575355,3.3072258596522057,-2.63079707183931
1.9501420079634801,6.106624604748165,4.156482596784685,5.266091603785345
1.415110783796944,5.79554886331714,4.380438079520196,-1.4538824784460058
5.476114792672352,10.419136976442083,4.94302218376973,1.8037167324118732
-9.064252496008748,-4.9601897208982,4.104062775110548,-1.5891424240259246
8.148220952513448,13.787989216573498,5.63976826406005,-5.350580115110945
-7.522706122053158,-2.8206333974923643,4.702072724560794,-1.5123627817981615
-4.158281424879073,1.026263477152047,5.18454490203112,-5.910446047160229
9.996050354422547,16.464499757177506,6.4684494027549615,-3.870680332380502
0.4435487117749517,6.4097634581497624,5.966214746374811,-7.720608343757144
3.8480778775191222,10.275404233548556,6.427326356029435,1.402726643977129
-9.613127067825848,-3.998342618229148,5.6147844495967005,1.399408671006125
-7.070724713534093,-1.0772150973033066,5.993509616230787,-8.396940598080146
-0.10015785670171873,6.594918567227271,6.69507642392899,-3.4282697890266807
-3.191000554413506,3.4415122159431633,6.632512770356669,4.306616730858226
7.238185830422925,14.812371870848768,7.574186040425843,3.3420841205752954
0.8484135341317547,8.092859050087966,7.244445515956212,4.427319701992997
4.807735388715331,12.488418111186036,7.6806827224707055,5.764681375101993
4.061155935479309,11.814731000081082,7.753575064601773,2.6945633008939787
-5.934897866914808,1.1872735435583284,7.122171410473136,5.216306379354201
-1.5720515042484742,5.9848802330879876,7.556931737336462,6.710064118141331
-4.5837418658822315,2.8439535826492746,7.427695448531506,-10.694260603611175
-3.1320150201052988,4.4901567374093165,7.622171757514615,9.15767193699554
-7.249545524559959,0.13824291017242984,7.387788434732389,2.193233807636413
2.7574593461229817,10.958933509525865,8.201474163402883,16.035008526800326
9.755748498219901,18.533893855384306,8.778145357164405,-0.03390214607557788
4.765339412377047,13.209569129508123,8.444229717131076,-11.132708446180851
-1.3597035871920031,6.654021119494342,8.013724706686345,1.1939850398266847
9.499355096238503,18.344849561405404,8.845494465166901,11.482565891862999
-3.370561786619981,4.515471770659659,7.8860335572796405,1.825102594233486
7.706795015437766,16.41784747454461,8.711052459106845,9.02949588902901
6.051037351303364,14.620567628376865,8.5695302770735,0.7879826239051595
-2.0679934041414905,5.863736351750697,7.931729755892188,-6.143387814699642
7.7077009666670335,16.332242758964973,8.624541792297942,0.8494178881177881
-8.894662572770795,-1.5670975532849445,7.32756501948585,-2.5441468875673436
1.4858773882529128,9.528822541446269,8.042945153193356,5.6026706389326595
3.7254660225258576,11.861948858237808,8.13648283571195,-13.03446033529757
7.152835878293615,15.460774657638312,8.307938779344697,-1.1552768223316112
-5.130406349727812,2.159648774197703,7.290055123925515,8.126776570797269
-9.563469147507925,-2.713440583079275,6.8500285644286505,-3.7709446952224237
9.219089480490403,17.359509560968014,8.14042008047761,0.7034973366810813
-4.199900695293303,2.8052093208767603,7.005110016170064,0.44743720189673064
-9.08065765875145,-2.580892482261481,6.499765176489969,0.3000115219222215
8.740937271737756,16.427829670262216,7.68689239852446,-1.3261556036220068
7.496215451720374,14.93026942253709,7.4340539708167155,-6.453689097620036
8.837529288705241,16.20293224853975,7.365402959834509,2.4522992302627404
-3.4161472306067715,2.85145569684357,6.2676029274503415,3.806955436130111
8.488882607967938,15.461317783249179,6.97243517528124,1.8167556535046114
3.44908725325309,9.84648931246257,6.397402059209479,-2.657841510228966
-6.890515355183893,-1.4743554138309891,5.416159941352904,1.1158688391080092
1.3662437529134426,7.1874576605552285,5.821213907641786,-7.94695560780378
8.880512882964378,15.042967358083754,6.162454475119374,8.799269625265516
0.6535155425106058,5.968804891913688,5.315289349403082,10.232473964320109
9.477548909508545,15.217016770343236,5.739467860834689,-16.098959550524274
-4.19708112947768,0.27201949812271664,4.469100627600397,-3.35885065129177
-2.418040901178557,1.932919605552362,4.350960506730919,-5.843808382856761
-3.408789518130382,0.6098560387452725,4.018645556875654,6.627767918029504
4.3762768944214585,8.714719607690512,4.338442713269054,0.4176816815834941
3.009610701332477,6.975771880751693,3.966161179419216,5.9301148038289435
-3.0190273155766256,0.21988907275829384,3.2389163883349195,-2.6875299992505592
-2.187552934936166,0.8337026494872095,3.0212555844233755,-7.043955775195665
6.97905666544408,10.403260070499794,3.4242034050557137,-4.10623374256935
9.40948377565299,12.727299155776784,3.317815380123794,9.833192759403802
-9.230737306885313,-7.603320509002476,1.6274167978828373,1.3995518556859161
-9.344280952229614,-8.021058380828944,1.3232225714006707,-6.006635991095752
6.623670388039169,8.845934580108928,2.222264192069759,0.7451063217675808
1.5557416228971732,3.0969044135681933,1.5411627906710204,-5.841508421807214
-9.332535277613205,-8.911024265601649,0.42151101201155616,7.196043785765404
-8.15423537722199,-7.948976527262045,0.20525884995994592,0.6790337048921398
-8.36201787590467,-8.478128123083751,-0.1161102471790818,-8.627333962630148
-7.317653018140504,-7.661947528082579,-0.3442945099420746,-0.5395104339324647
-6.74933395353438,-7.357806808289693,-0.6084728547553124,5.098985837278158
-7.366540514607049,-8.327960800844723,-0.961420286237674,3.22248979345209
-7.460974112333174,-8.735552746254694,-1.2745786339215202,-8.90359753227986
-3.771055564022136,-5.073950072627673,-1.3028945086055361,1.5080086083796078
-9.33317637598126,-11.356840142624279,-2.0236637666430193,10.526384379858674
-6.502080538758901,-8.615141299380726,-2.113060760621825,-8.514848596019732
8.596315881091055,7.316215459235151,-1.2801004218559044,0.6545534262344306
-4.808204263741875,-7.390327808794456,-2.5821235450525815,3.642056188472285
5.932464186924642,3.8623635480842258,-2.0701006388404166,-1.184109543219587
8.35521760918439,6.17687025242396,-2.17834735676043,2.16959010541707
-1.7007882182880998,-4.919303194302158,-3.2185149760140574,2.8603785529326355
2.2067893178789983,-1.0002321077057035,-3.207021425584702,-0.26352822210105525
7.344299790164165,4.24580943577591,-3.0984903543882547,3.5752537426460185
-4.963917168532202,-9.25712013581783,-4.2932029672856284,3.0239108969645603
2.5124398563101717,-1.486060848615618,-3.9985007049257897,7.522954868726491
-2.5281338896511567,-7.164752278143899,-4.636618388492742,13.753347729849398
3.7979548480280982,-0.6179620955627607,-4.415916943590859,2.427039702691917
-3.549469332801351,-8.763518258143467,-5.214048925342116,-0.6752983858582331
3.3129795038950522,-1.6264297773151872,-4.9394092812102395,1.701587869100472
-1.8372733728463349,-7.395623373178497,-5.558350000332162,-8.068699816069309
6.717697081119816,1.5760010160159128,-5.141696065103903,10.658926470771897
-3.945653435333279,-10.104047040399031,-6.1583936050657515,8.567477334210677
1.3175544809165878,-4.654713891572954,-5.972268372489542,-1.662369422417174
1.8392828811701065,-4.293843878514226,-6.133126759684332,-1.5945396254518716
-4.38456769477196,-11.175559727021438,-6.790992032249479,-1.8120405419617365
-1.837826963410274,-8.619706852200178,-6.781879888789903,6.948964768095462
-8.080891821206858,-15.503453437256514,-7.422561616049655,-1.5562963236947178
2.9784316653384284,-3.7774459401442044,-6.755877605482633,-0.31013593952334506
4.452443030706213,-2.345731062968719,-6.798174093674932,-1.7472594976230418
-9.777825957225822,-17.78598245082692,-8.008156493601101,6.545529900540583
8.777808426667004,2.0289502026721813,-6.748858223994823,-5.801530184980155
4.927122682924869,-2.2323852532540247,-7.159507936178894,-1.7716532695128708
4.678795963736533,-2.6104855769273394,-7.289281540663873,5.380415540677278
9.890606877623974,2.8919191847671932,-6.99868769285678,5.239617245214837
-0.46559526601178547,-8.330290440186072,-7.864695174174286,6.686111997601669
9.645929148547939,2.4614325243839277,-7.184496624164011,-2.0958457956204777
1.1600924008366071,-6.727770143172282,-7.887862544008889,5.977358963852358
-4.007848337628957,-12.338901874891182,-8.331053537262225,-2.6171931832113655
6.495215327503544,-1.092292142684717,-7.587507470188261,-3.3102759197253357
1.6449894591939955,-6.338994141404531,-7.983983600598527,-9.793370993990004
-3.0582205162247007,-11.416133056193551,-8.35791253996885,-6.298428896019314
-4.950295238896823,-13.459750465627767,-8.509455226730944,-7.193378681691228
-5.1553982347360305,-13.678308465242711,-8.522910230506682,-2.660986631147277
-2.527254822991729,-10.8395645126284,-8.31230968963667,-3.4437642199354563
-2.788953187328344,-11.095857574946695,-8.306904387618351,0.9997174279401977
-2.990347892487682,-11.275816882102156,-8.285468989614474,-3.8107198618922897
-8.748851773045327,-17.418213156604217,-8.66936138355889,-0.6366910147385937
-7.630391050099572,-16.15648529021908,-8.526094240119509,3.812674577575744
9.180975306117816,1.9864189381454924,-7.194556367972323,-0.4635026144383856
-5.565155727438061,-13.7837841690985,-8.218628441660439,-5.6408723558016405
8.639052139210012,1.5787130327954495,-7.060339106414562,2.5588988931286734
4.703220318744689,-2.5483785583181993,-7.2515988770628885,-0.5636661792983502
-7.716631754649235,-15.784985737519772,-8.068353982870537,0.7227778943875098
8.831847349502791,2.130006239943392,-6.701841109559399,-6.021153087768838
-6.134508469574289,-13.822984351754792,-7.688475882180503,10.067388763984733
1.735849286336295,-5.2162359158239475,-6.952085202160243,6.192147818636736
8.173329405597439,1.860233359452379,-6.31309604614506,9.385592017276558
-2.26294595593205,-9.19274214607044,-6.92979619013839,6.328340926537992
-5.233686667035351,-12.210661465560822,-6.976974798525472,1.3272369826457298
-2.8241920673821275,-9.435470964662542,-6.611278897280415,2.3076696511562034
5.7932350167640365,0.022340946280276164,-5.77089407048376,-3.641237934629375
-2.1735440439582128,-8.339050554462933,-6.16550651050472,-4.211405073167977
-3.25680291763383,-9.292127986386873,-6.035325068753043,-2.706764403570868
-5.1922553204739375,-11.153084042130622,-5.960828721656685,0.5910543250350055
-5.231729413812656,-10.96794613729672,-5.7362167234840635,15.252476466175667
4.782597686234308,0.032621935237028055,-4.7499757509972795,0.5677033889076978
-7.452012253068507,-12.877157609099203,-5.425145356030697,6.161179526584223
3.7648265757547588,-0.5697145280796887,-4.3345411038344475,2.9396394587275454
-0.2410627684775708,-4.620143361162606,-4.379080592685035,2.238941298607447
-0.5757618229567605,-4.71784541187439,-4.14208358891763,-9.422778971649901
7.2855055946513545,4.000941258158306,-3.2845643364930486,-3.5615252155187553
1.3872540722137305,-2.0663109040507255,-3.453564976264456,-1.606898773792403
-2.515376297814866,-5.983214770317835,-3.467838472502969,5.631798270027523
-9.068625976855893,-12.744874492099669,-3.676248515243775,4.481041210125573
2.527139012470286,0.00791417888304391,-2.5192248335872423,-0.10995552280588101
0.747743013978301,-1.613745915489793,-2.361488929468094,-6.832314339163726
-3.2862351879907585,-5.655646379833433,-2.369411191842675,4.972982916793243
-2.2788509489883735,-4.275065401179381,-1.996214452191008,-0.09990818002099115
-7.118244830158684,-9.177177049635974,-2.0589322194772905,2.01299462912395
8.703733967383144,8.13385413071378,-0.5698798366693627,-2.6835210969980583
5.15210483094441,4.619994248632393,-0.5321105823120165,7.855441563115481
2.2890245418152677,1.8476296423789158,-0.441394899436352,-9.03214553490904
-3.7006000883720365,-4.284898922022909,-0.5842988336508724,2.156722867045773
7.83013021759966,8.417389983919628,0.5872597663199685,-4.407968509493704
5.943128989228999,6.695617490444132,0.7524885012151327,0.06043780925587516
9.72393478466443,11.066301633586747,1.3423668489223173,-7.0446095682406344
-7.780835459580626,-7.445879674416338,0.33495578516428837,0.5540310292015957
-4.935168418095504,-4.082646165229551,0.8525222528659524,2.827551477717784
0.44949037159256733,2.0082660066773874,1.5587756350848199,-7.505114332495459
-6.419338317760874,-5.075488060576072,1.3438502571848026,1.901715563416866
7.806526504147307,10.514959544701739,2.708433040554432,4.47524896953245
-9.179917758130884,-7.450841934474245,1.7290758236566388,5.159045713286969
-3.8351033653839472,-1.4139758582652409,2.4211275071187064,0.1640724143610943
1.2971865865410273,4.390577147511204,3.093390560970176,8.9897979956838
9.628774177454954,13.630117490930918,4.001343313475965,-3.181646875684942
-6.629155728512912,-3.568733376470905,3.060422352042007,-1.9098678425522393
3.308532864964974,7.387650085929262,4.079117220964288,-5.90992728614812
-6.948143780105893,-3.370353111417972,3.577790668687921,5.446963009467175
-5.909644440793214,-1.9918668888034965,3.917777551989717,-3.8139227564147635
-6.834150559786137,-2.7298087547540284,4.104341805032108,3.5326681093772905
8.564993253427232,14.073612184484823,5.508618931057591,-6.732460645663561
3.0053442364828324,8.339415631683888,5.3340713952010566,1.4558230722981311
-3.619939852223572,1.4524016763077867,5.072341528531359,1.227245236042808
8.471849976106583,14.678648296935709,6.206798320829126,8.017640845453617
-1.5150525403430741,4.162383369061692,5.677435909404766,12.688833898362459
-7.117151179049099,-1.6484468102699168,5.468704368779182,2.670494189598074
-3.4779947187959586,2.4665423740354004,5.944537092831359,-8.569554581014843
-0.12423908922467142,6.265907471310227,6.390146560534898,3.994784256371699
-0.20687340948917665,6.362059383296966,6.568932792786143,11.612711537938939
0.5589230631880113,7.360917536370592,6.801994473182581,1.3137053791530122
8.991041617385832,16.59146549025463,7.6004238728688,-0.80742850422363
-4.157192874757771,2.6132915582708547,6.770484433028626,-4.948026135416645
-2.3474581803842254,4.704870203049384,7.0523283834336095,-4.201403939603425
-7.137153527336377,-0.3082103811145025,6.828943146221874,10.446337323961504
7.70269868043966,15.770007682744476,8.067309002304816,0.15601115951291453
-0.6362213915458135,6.920402405056986,7.5566237966028,-2.9343801492589447
-8.013135590900276,-0.9058527433624883,7.107282847537788,-1.4491555116554187
2.0090145303233093,9.960932382200138,7.9519178518768285,8.248758170970426
7.2072848444368205,15.630960723700738,8.423675879263918,-5.933693258107761
-6.431036868948268,1.04045027724265,7.471487146190918,2.6689634312629185
1.0709828208976528,9.164504033045466,8.093521212147813,-5.195903126506961
-3.1935794646755244,4.628094973151708,7.821674437827232,2.451945270295746
-2.9457145890083307,4.931089715384772,7.876804304393103,-7.889009112603555
5.301370050730101,13.82173838244715,8.520368331717048,10.668993498742228
-6.269932406350085,1.3960780260751386,7.666010432425224,-12.150277601889648
3.3745365255429896,11.765809848772397,8.391273323229408,8.392596464255503
-0.4035751106504897,7.694702757302721,8.098277867953211,-2.7765532106489266
5.9829677015017335,14.539048089152443,8.55608038765071,-1.9098455891199793
1.3118433484039542,9.484880219285277,8.173036870881322,-2.2287414337839815
9.527567370942368,18.272599835703097,8.745032464760731,-2.479887260134956
0.7395642160124254,8.769901006285,8.030336790272575,4.047126345399502
-1.3705391622964989,6.434611710836367,7.805150873132866,-0.7949432792303059
8.75535706627236,17.241784375466192,8.486427309193832,1.9924752601915146
-4.462519228755813,2.9432750377660923,7.405794266521905,1.5652016675763687
6.082673034973894,14.179064750541043,8.09639171556715,0.02135394565339678
7.512022394744868,15.604466211748997,8.09244381700413,-1.8195437478381642
-2.6270548157538665,4.583109929059459,7.2101647448133255,-0.40364673589955874
-8.383152597767694,-1.7370694957911148,6.646083101976579,10.52052578623937
9.485669115896513,17.329201620566657,7.843532504670143,-6.481781183702301
-3.5262588037190117,3.1885317663850987,6.71479057010411,0.08915374333926859
8.129973524865857,15.556216268689928,7.426242743824071,-5.685900928606582
-8.134321441665742,-2.100352683256533,6.033968758409209,6.2348931542332675
3.0173132147450836,9.705761160992571,6.6884479462474875,4.583171619134102
-8.543854264102315,-2.9135703581379087,5.630283905964406,6.486899719560598
-2.9501644295392015,2.899658196803652,5.849822626342854,2.6354202262052784
-7.327165630263856,-2.0142334551178616,5.312932175145995,-1.828490031423108
-1.5687469821188937,3.9591203404100668,5.5278673225289605,-8.727786594401373
8.243635555620404,14.28246271966063,6.038827164040226,-0.6596929336629045
6.733261291841039,12.426138632731515,5.692877340890477,-0.9194456998403214
-1.6485056770823743,3.175695122518449,4.824200799600823,-1.1571865928577092
0.8562759281136785,5.62126017991518,4.7649842518015015,-9.161543760112748
8.7717785623603,13.876670301306262,5.104891738945962,1.6167942135534554
3.7992977708539826,8.27117879781707,4.4718810269630875,4.324922843221153
5.6844093786449434,10.031649261689038,4.347239883044095,6.053011546484472
0.42405002707512196,4.10516661775636,3.681116590681238,9.089549592153421
-9.673855991487748,-7.026864566423718,2.6469914250640305,-6.8769948135892855
-9.518455096445976,-7.141383369036963,2.377071727409013,-1.3408381884893956
4.895819298864357,8.06799442372848,3.172175124864124,10.256351901890715
-4.144912450270799,-1.9407454311813597,2.2041670190894393,9.79536341483609
8.15638373212622,10.989620737307652,2.8332370051814326,0.15419256059906594
-2.912821876614526,-1.206459404422856,1.70636247219167,-0.8308503655661161
9.99897893686477,12.374307077344533,2.3753281404797626,-1.2592032446208077
0.6347635053438658,2.006046306689107,1.3712828013452412,14.381068989615988
5.065935389066629,6.465945884550528,1.4000104954838994,-0.6407386498279425
-7.992320108742237,-7.876738541401375,0.11558156734086189,3.258205962907571
0.6983492240581235,1.1596551635046546,0.461305939446531,-2.1611990575146534
6.440819448286746,7.026153715148512,0.5853342668617663,1.3340282436115853
-5.760693245723283,-6.397274705570995,-0.636581459847712,-0.7129201304170117
0.2388566466203308,-0.25427019839688647,-0.49312684501721726,-2.799928376480814
-4.868981687372697,-6.0509818171772185,-1.1820001298045213,1.1516612867155467
6.118073344973464,5.455477688013924,-0.6625956569595395,2.011325951050849
2.5123139786185273,1.2762553580612106,-1.2360586205573167,-3.225247094530162
5.520518619493535,4.209068602988754,-1.31145001650478,14.948879461338493
-2.4926782302239907,-4.703672740308685,-2.2109945100846935,-14.000575525457768
9.787911295944546,8.202282547241177,-1.5856287487033693,-8.451305293293158
9.480068899772899,7.578969970306072,-1.9010989294668275,7.073914052904344
-3.024868902133493,-6.152508224940916,-3.127639322807423,-1.2105710487141124
2.7098698789460123,-0.27221193467660054,-2.982081813622613,-6.059365208412064
2.62122899200633,-0.6475222705963377,-3.2687512626026676,3.7935921188181947
-6.652236567131826,-10.891594686485995,-4.239358119354169,-1.9466805739298654
1.5319058508501016,-2.363423156523562,-3.8953290073736637,-6.253166618028013
-7.336791608581931,-12.161355749960986,-4.824564141379056,-2.0414442102799697
1.8103338385882122,-2.586204697836984,-4.396538536425196,-2.0747398169628557
-7.497849103488403,-12.844069498561236,-5.346220395072832,0.614386342817034
5.957227954453137,1.375368358415595,-4.581859596037542,-7.119158048969954
7.968381103064317,3.2997340020793517,-4.668647100984965,-4.256480764234203
-5.967100173881872,-11.91104869582006,-5.943948521938188,-6.676277908668509
1.9531295792720869,-3.619131328455766,-5.572260907727853,4.107626901187837
-1.8619829586164567,-7.934580273504388,-6.072597314887932,5.11597952078616
1.6000870487836174,-4.41862693777311,-6.018713986556728,-5.383827251814311
-0.6613177982722345,-7.04668561282628,-6.385367814554045,2.4105752452356652
-9.238516687865786,-16.455219409201572,-7.216702721335785,1.9473152958714561
-4.207744947030497,-11.225914081239402,-7.018169134208905,-2.375253541044419
1.977319877779637,-4.746218943324563,-6.7235388211042,0.5062714916364732
-5.833725786413546,-13.302577323538678,-7.468851537125131,-2.829704761067191
8.716692931239223,2.1896304001858358,-6.527062531053387,7.854610192888476
1.0450862432926638,-6.196634856777435,-7.241721100070099,11.912829174993918
3.1803860191051836,-4.030073398902746,-7.21045941800793,-4.529267808859701
4.267175875015033,-2.9800746848505852,-7.247250559865618,-3.6464163708748645
-6.744688429899279,-14.925375662296817,-8.180687232397538,2.596308745521143
5.100126364588025,-2.288840246540542,-7.388966611128567,6.694590968575779
-1.115305728113686,-9.056026541744725,-7.940720813631038,-0.24330126664220345
-3.663537887564308,-11.869807578206013,-8.206269690641705,14.798533518210679
-5.313625731819003,-13.706812374149084,-8.39318664233008,-0.08391596998943116
8.860995485148582,1.4791059267368123,-7.381889558411769,-1.6553560171061659
8.690012259972661,1.2549339182678168,-7.435078341704845,0.6220541590886649
6.253377440375505,-1.3933217273220775,-7.646699167697583,6.253518599219765
8.373100919234236,0.8680406552277917,-7.5050602640064445,-1.3674583614588338
-8.303595909592367,-17.065191294087935,-8.761595384495568,3.553244709582864
-8.744572910090668,-17.533458711296483,-8.788885801205813,-0.06246363187124175
4.990623245238396,-2.7507824870944697,-7.741405732332866,2.7387108336409316
-8.516265642577283,-17.241814826973382,-8.725549184396098,2.7093823401096326
8.084934631405108,0.6448405089625764,-7.440094122442532,-7.380972552365733
-0.7128472379244819,-8.760975493212475,-8.048128255287994,3.6215288345889167
3.928540333146236,-3.7083234909421883,-7.636863824088424,-0.2130620804048971
-3.568653013042238,-11.69337487304292,-8.124721860000683,9.425839599176546
8.439036548661733,1.3004882013386903,-7.138548347323042,4.224942490666388
9.99099813818755,3.0654873983965087,-6.925510739791041,1.6359040534202955
1.2490639792953484,-6.224544972749252,-7.4736089520446,-1.4230679054557895
-5.780759473323515,-13.663304803263603,-7.882545329940088,4.254951878854167
-3.5209618829099814,-11.105136592445298,-7.584174709535317,-15.022610014759946
8.81659604105042,2.2970262432328665,-6.519569797817554,5.793937318576256
-3.111980447727616,-10.376701084451309,-7.264720636723693,-1.468979697532599
-1.3110115883959121,-8.2811752694633,-6.9701636810673895,-3.149518847473794
-6.885843913985661,-14.104870470716211,-7.219026556730551,-1.9283497564701666
7.405060879080132,1.4366264752652995,-5.9684344038148325,3.659177774135597
-4.803563897490171,-11.49960016948559,-6.6960362719954185,7.790548440148423
-1.4252999265780844,-7.6709179362869495,-6.245618009708865,2.345607430587221
-3.5725411089989105,-9.773430285165517,-6.200889176166606,3.8156175207570904
7.438770045381084,2.2779321726113757,-5.160837872769708,-4.8937186224145535
9.063353255388911,4.246688740646021,-4.81666451474289,5.256066594362453
-8.254835599763489,-14.14022395346053,-5.885388353697041,0.04770188518621844
-1.9390559297867611,-7.11313681714233,-5.174080887355569,-11.438772407220688
9.532171057918873,5.463202174951575,-4.068968882967298,-8.099503944587232
-3.357300050699248,-8.141411128820993,-4.784111078121745,-4.458807709003645
-6.695361837360521,-11.471818745898007,-4.776456908537487,0.646869454367753
-9.26558880039405,-13.970729906611039,-4.705141106216988,1.623175011815008
2.5787336166606956,-0.9683017389090227,-3.5470353555697183,5.151932380103421
6.1640497130863,3.1610100045645897,-3.00303970852171,-7.941379318868796
2.633072676715562,-0.3547689270743488,-2.987841603789911,-5.286159197062012
8.894993972461805,6.661344365249043,-2.233649607212762,-3.5668568689973066
9.624798338545965,7.734554116987075,-1.8902442215588893,2.592372863877915
-7.541240050542626,-10.426555150232549,-2.8853150996899215,-2.4651446483501678
3.051746764309044,1.2565841288143416,-1.7951626354947026,-8.140645185027577
8.69832494180962,7.625210399478504,-1.0731145423311164,-1.1895384561201063
-9.16779063527828,-11.279857101877871,-2.112066466599592,4.312084398811849
0.7728205838192892,-0.2906690302267996,-1.0634896140460888,-5.417232386705379
5.148953862446097,4.718298898877942,-0.43065496356815536,-0.2947611734290534
-4.257288071076559,-5.087625769921058,-0.8303376988444988,3.1556562432559465
9.850398139780971,10.384648533846093,0.5342503940651211,0.05451715442348681
-6.515729755824,-6.902136679270583,-0.3864069234465835,-1.943839058832249
2.0369984701716177,2.598703103076646,0.561704632905028,-0.5953081885715874
7.111584923704708,8.359959368479105,1.2483744447743965,-3.9531820307716083
-7.376063126169969,-6.909202519328858,0.4668606068411111,4.311881569264979
4.998057987399493,6.696587874898891,1.6985298874993981,1.9871868970039401
-0.22313653403514877,1.3855329461271055,1.6086694801622543,-0.8033648651488705
-3.457700126847067,-1.7922035234228804,1.6654966034241867,10.269282271318561
-1.779667602437696,0.30836555265142795,2.088033155089124,11.318465413133486
-9.091219058328555,-7.258025034843461,1.8331940234850932,-7.032254317615035
-7.359222762757634,-5.1061757925152005,2.253046970242434,10.581324992158676
3.471219939728222,6.822517294850286,3.351297355122064,2.6010200381294917
7.167178912122804,11.077247954957611,3.9100690428348077,1.4468101596330776
-6.211502293805795,-3.0280521271906657,3.1834501666151294,-8.581562189276871
0.7821627737954877,4.76173416147586,3.979571387680372,-2.631310287305231
4.540319966498377,9.06777765813478,4.527457691636404,-2.087318805265892
0.6760556400943418,5.1737681598703205,4.497712519775979,-9.9824684203483
-6.180222017154302,-1.9429751112479101,4.2372469059063915,-9.480788331338974
6.059680989201187,11.461995788773265,5.402314799572078,-9.625739619902063
-2.034797788887732,3.000475120948053,5.035272909835785,-1.585177495120284
7.476241471543947,13.457514079278427,5.98127260773448,0.21582529018566027
-7.779365315422249,-2.717294367891051,5.062070947531198,-11.943690995202985
-6.407890524409503,-1.0260127163244617,5.381877808085041,2.368244926378541
-2.403137701005802,3.4877119299770474,5.890849630982849,-3.545197807080055
-3.885398649497467,2.094269427562293,5.97966807705976,-16.256776903231568
8.129598782633764,15.201468146472877,7.071869363839112,-6.107318933223355
2.8576122580066166,9.715976043891242,6.8583637858846265,0.9603609274074245
5.670949550867828,12.912765496642038,7.241815945774211,5.803101955364043
-5.0913084000393205,1.5061034503407438,6.597411850380064,7.577367764199316
-4.902081733575687,1.8623694573840321,6.764451190959719,4.785433323804749
-5.902494424887785,0.9296380400547806,6.832132464942566,-1.1558934444873938
-8.47922832877051,-1.7079765974334506,6.77125173133706,3.154457589239419
-7.346944456712306,-0.3689231535674713,6.978021303144835,-4.208739106743966
3.4500683477997978,11.349014711828886,7.898946364029087,3.604903548050185
3.1643807519715317,11.142192517047974,7.977811765076442,2.500685510342154
2.2140425442839646,10.209871264328662,7.995828720044698,-9.455805078775587
-6.0751582634765615,1.3771461770677966,7.452304440544358,15.171782447909765
2.4263426472625262,10.58318781987885,8.156845172616324,3.8772368936596706
4.4734615954314645,12.839436127028877,8.365974531597413,-8.118814003544719
9.833361900346102,18.645512662623084,8.812150762276982,3.905422407398592
8.29533097114156,17.02483860401525,8.729507632873693,3.8349168399050226
-7.528316701718212,0.035605546904919905,7.563922248623132,-8.58503827952979
1.5575648592152262,9.81256530747005,8.255000448254824,11.0673903101084
6.710924507982554,15.350499208982727,8.639574701000173,1.5462354214774685
7.8242303517739415,16.53381320606928,8.709582854295338,-8.758502837714744
0.01382192148361483,8.112591464163616,8.098769542680001,0.09090458636989121
-7.770270540859978,-0.29184793374657847,7.4784226071134,13.318579358683106
-9.513777604898896,-2.2141134246858227,7.299664180213074,-4.943237863700006
-8.449176333361326,-1.1290496470013842,7.3201266863599415,-0.9571248810286089
-1.074229421652607,6.7283328876546085,7.802562309307215,7.882786046942131
-5.038307888911502,2.3850607815227196,7.423368670434222,-4.9389706741342145
6.364960594670407,14.550600656126,8.185640061455594,-7.378505399953371
9.124033326360191,17.41267622680595,8.288642900445756,-3.6321352186815314
-3.668496413488132,3.545972956772105,7.214469370260237,0.29602350913685554
-2.110402869001793,5.095546576595182,7.205949445596975,-3.390315985938929
-7.285275687674573,-0.6032836172877314,6.681992070386841,2.9500022617009565
5.526625267093369,13.023396060760838,7.496770793667469,10.99747513738803
8.871139276896631,16.462570474228748,7.591431197332117,1.9270637404219717
2.6071597613873436,9.562771986934884,6.955612225547539,-0.8774691370316605
6.856806108571931,13.955514865212647,7.0987087566407165,6.107969870013149
6.387123169400933,13.26562189933276,6.878498729931827,2.7632472024042194
-2.5854291472978064,3.426050363395923,6.0114795106937295,-3.058503592013631
5.470506058568983,11.883284720169513,6.412778661600529,3.1098051931533055
-1.4981732285738847,4.180528629213581,5.678701857787465,-3.0843320883495506
-1.2840364945880225,4.191070340939018,5.475106835527041,2.402574793978725
2.013993746955368,7.508880295425137,5.494886548469769,-2.698955119866964
-5.070295868476816,-0.34189748114772023,4.728398387329095,6.496209331299093
-0.49698167153440487,4.331989140151077,4.8289708116854815,0.11461710956677382
-4.023242058692233,0.291917883921907,4.31515994261414,-7.4762386025673475
8.708243097833467,13.722362215220198,5.0141191173867306,-4.551612271990802
0.7287789700265392,4.882338844974405,4.153559874947866,-5.984816617694262
-9.304833988844404,-6.1717192819158315,3.1331147069285725,0.8608582338602242
-0.6170869695845873,2.894240539377057,3.5113275089616445,-7.3618475441436875
0.3814467981504084,3.6892405581785725,3.307793760028164,1.0924007631405022
-9.486980309060204,-7.202402265260134,2.28457804380007,3.4337462833448127
-9.6329484687774,-7.646659344413188,1.9862891243642116,3.310835150243636
9.647171494153216,12.788279011731206,3.1411075175779883,-2.921726874969486
-6.337083576581994,-4.689421292082272,1.6476622844997217,1.7499519438864841
-5.956035514032571,-4.577437546568131,1.3785979674644402,-6.249774010622197
-5.394126659143945,-4.27362230136432,1.120504357779625,8.202356903253671
-4.5549539118136035,-3.6739155709765225,0.8810383408370811,-8.201622466489994
-0.4276078651990929,0.4588399895438252,0.8864478547429181,2.7371000777708447
2.068742137960644,2.836969538380221,0.7682274004195773,1.8945074203265093
-2.4618721678682443,-2.3397587534354187,0.12211341443282547,0.33938146876515407
4.321219482067569,4.645310943222646,0.32409146115507664,-2.728497932971173
-1.2433612948939015,-1.64336721903387,-0.4000059241399685,-19.104970851865822
2.1018148028916546,1.6463791730360176,-0.4554356298556369,-1.1649285490917711
7.657755835192791,7.313569078199419,-0.34418675699337287,-0.8259126091587892
-4.707916267205247,-6.2836698714687245,-1.5757536042634772,5.470888956095135
-2.188367587710318,-3.877559014003995,-1.689191426293677,-3.3677505068287505
6.934880997509438,5.62969644130578,-1.3051845562036577,1.7943238460018873
7.829898176912867,6.294196987437978,-1.5357011894748887,-4.3341475766574655
2.9761335410728904,0.781773901136877,-2.1943596399360135,5.6585332889985835
6.427252259489546,4.200535919428762,-2.2267163400607837,-0.7728778260746473
6.852959259816931,4.370829637323632,-2.482129622493299,8.417326418258552
-2.070441745704901,-5.504910126799635,-3.4344683810947343,5.994045357847565
2.1124737817449972,-1.2866997163046001,-3.3991734980495973,2.3261404102150163
0.47835196208933795,-3.3167488968458483,-3.7951008589351862,-0.2139097299531841
-0.5276306168483913,-4.6661043653079055,-4.138473748459514,-10.97868401559418
-5.504471780095996,-10.278308048652402,-4.773836268556405,0.5143428466091127
-6.7510043836276035,-11.874232809415716,-5.123228425788112,4.775503139925093
-0.2544823256853608,-5.139812937162333,-4.885330611476972,2.2811285056637294
2.0717746856416586,-2.881512790400058,-4.953287476041717,-1.0077655761022846
0.03903001593417876,-5.301879750318861,-5.34090976625304,-7.497455970736372
4.088484249891888,-1.176289003987371,-5.264773253879259,-1.3771188556518414
-1.4454283905723173,-7.344900369795735,-5.899471979223418,6.147351630981301
2.591709641180449,-3.2164028429388614,-5.80811248411931,2.388731421662146
9.19752157762456,3.6819489992053303,-5.5155725784192295,1.7082363506000078
-3.220036538016071,-9.861003770594023,-6.640967232577951,-5.8144758052935
-7.205589947516275,-14.330457492077807,-7.124867544561532,-1.8679347194278566
-9.030014974891607,-16.46734134145197,-7.437326366560365,-6.897080422591973
-9.028444204401278,-16.631673271296236,-7.603229066894957,0.36759170509296757
8.286453840651195,1.8256639800645766,-6.460789860586618,-1.6888631454730751
9.56768850387142,3.0568773946993373,-6.510811109172082,-6.618263098906234
6.828075754617281,-0.024048224558525177,-6.852123979175806,-7.218770171105446
-4.2067578831394625,-12.011871325646762,-7.8051134425073,2.0980283590455144
-0.06496255450575816,-7.674175147062436,-7.609212592556678,-9.571101856279565
4.907117324069381,-2.4331168934807232,-7.340234217550104,-7.279032823137873
6.722668836474039,-0.5743727628929882,-7.297041599367027,-6.884269171988764
0.2625423918261802,-7.60089644471802,-7.8634388365442005,2.400819353966501
5.371444837653199,-2.1795117108848485,-7.550956548538047,-2.3429357915771956
6.685090509097041,-0.8267252033011685,-7.511815712398209,1.2162587931108646
-8.866922310760827,-17.59313438174579,-8.726212070984962,4.564911392519348
0.5207409498496638,-7.537936377480339,-8.058677327330003,-5.846140651717626
-6.96352955971715,-15.608559854608226,-8.645030294891075,-7.925353260296097
5.640106942617225,-2.073140399587965,-7.7132473422051895,-4.729487101815922
8.289474076775019,0.7730015487194617,-7.516472528055557,1.1841117924198872
8.418517708539255,0.9213605354277021,-7.497157173111553,-1.2411422258220544
7.267317700376218,-0.29499128213364045,-7.562308982509858,4.463890158238681
-6.252239910826891,-14.795806523889933,-8.543566613063042,4.0339392736386905
-5.145356100435081,-13.561722719907767,-8.416366619472686,-11.543267110031602
-2.687802895143882,-10.864257586351306,-8.176454691207423,6.05174624669853
2.6565435622000706,-5.052156980940029,-7.7087005431400994,-6.630564298610517
4.785488180771813,-2.6853757348937073,-7.47086391566552,1.9977906835341475
8.722893492267112,1.6366272955085526,-7.086266196758559,-6.341709971537432
-3.573588601527673,-11.481798984586357,-7.908210383058684,-3.7212622553918546
2.7045421604147357,-4.621659314952424,-7.32620147536716,-1.5773260130967734
-2.197162030634612,-9.769143038927075,-7.571981008292463,14.098244947895498
-0.4133602885909742,-7.719181857044455,-7.305821568453481,-0.24605715167137085
-6.0403125065820795,-13.625443265553642,-7.585130758971562,-5.676245929672717
5.182578138065104,-1.4079884819630513,-6.590566620028155,-0.3971215927706454
1.3373305886242832,-5.3788643466880295,-6.716194935312313,1.6018994609443726
4.649336421583083,-1.6460062133323259,-6.295342634915409,-8.66152408915791
-7.665256315764446,-14.702299994588387,-7.037043678823942,5.943035682681257
-1.7420235879379131,-8.143748332805337,-6.401724744867425,-8.099889091981032
-0.7149809590048442,-6.839689489488503,-6.124708530483659,-0.505389662797671
9.768221115288629,4.638368101519491,-5.129853013769138,-0.6500660279741792
-1.4083830268386741,-7.159535100039454,-5.75115207320078,2.358675757853339
9.323410496457395,4.602111786323002,-4.721298710134393,5.11283121530539
3.3778661543213833,-1.5566766281069153,-4.934542782428299,-3.54926425747497
0.5182655213406857,-4.390703289940766,-4.908968811281452,4.449384334401112
4.145285298772382,-0.24458186101266755,-4.38986715978505,3.9617402023441874
-6.093023689285088,-10.997008812750412,-4.903985123465323,3.5157974269853502
0.038658233446318135,-4.145376093194249,-4.1840343266405675,-2.16955101527755
-7.678399821227799,-12.17518898746561,-4.496789166237811,14.982435518240743
-7.774503125839893,-12.006903698928491,-4.232400573088598,-0.769893109492586
-3.7596227788005994,-7.414125111636258,-3.654502332835659,-0.2740993118202064
-1.6038729194316517,-4.81511924803149,-3.211246328599838,-0.9150892650082619
5.566337084792334,3.178823688702459,-2.387513396089875,-0.5886247313140389
5.915221343323385,3.8438274912128865,-2.071393852110498,-2.3943483930779443
6.3188252767677575,4.5712289472533705,-1.7475963295143868,7.219072508868367
-7.951523818745654,-10.472712218089342,-2.5211883993436865,-4.823752280436057
3.382175963069967,2.010434440085307,-1.3717415229846603,2.2643404175670883
8.88129279933165,8.223714220837069,-0.6575785784945803,-3.8710900987338146
8.97163779181313,8.62444528489521,-0.34719250691792036,-6.533982968954859
7.539114336501495,7.389542336242574,-0.1495720002589206,-6.295704447139679
2.7732666795475573,2.5723319328714496,-0.20093474667610786,10.429305080573647
3.3439349199927744,3.492457230751969,0.14852231075919473,6.230797652240053
4.453244397628268,4.991767193868851,0.5385227962405829,-5.803869134543519
-7.071341550642105,-7.090651073426524,-0.019309522784418887,4.869211066850912
7.558206348316386,8.94189832769168,1.3836919793752949,0.09649640970169177
-0.7671528101218321,0.2967618869515767,1.0639146970734088,5.675254775906388
7.867565510895812,9.882115093166702,2.0145495822708894,-0.2424476935140292
6.321859320230661,8.521487682214753,2.1996283619840917,1.587441614208992
2.732385480189027,4.961358034021096,2.2289725538320684,1.3707161289134526
0.28254950144328284,2.623462809950736,2.3409133085074534,2.4095747279966835
6.24171894687241,9.321951964837632,3.0802330179652224,4.256451774553206
5.004296103519888,8.280392466431287,3.2760963629113986,3.5716036790665733
4.918894229042245,8.473133350763973,3.5542391217217295,-15.401167531707884
-5.520735414358404,-2.469447133432144,3.0512882809262596,1.935438332502789
5.276483980143622,9.412660655473672,4.136176675330051,5.049132287244081
4.663146106015086,9.023104010153636,4.35995790413855,4.161172986355487
-7.254674041859044,-3.5244698242630643,3.7302042175959795,1.0142517699415574
-9.043282660780871,-5.189215286020151,3.8540673747607213,-3.841471637610529
6.468466698347356,11.737483413034631,5.269016714687274,-4.315344323903047
9.619364228861983,15.36946823864818,5.750104009786197,-5.1643901023585475
0.7223099929854797,6.042758926174155,5.3204489331886755,4.726608576560967
9.369326790770216,15.568442308975051,6.199115518204834,-8.097794853120838
-3.4103169174481396,2.0526549399165273,5.462971857364667,-10.189866701554411
-5.079053709435901,0.47296585534808244,5.552019564783984,5.523398932511137
-0.28541590184765475,5.831898420729287,6.1173143225769415,1.736178888293128
8.226515629200378,15.17927328107405,6.9527576518736725,-3.7289432759561185
3.0851562126245895,9.840356898317266,6.755200685692676,-2.3619065111828954
-9.241112716321073,-3.2316079068635215,6.009504809457551,-0.2085273578172555
3.00769881243626,10.105114035306666,7.097415222870406,-8.844768937274138
-8.695826955328558,-2.3166918738340865,6.379135081494471,-0.4367699441364221
-3.084774614663173,3.86468179013343,6.949456404796603,-0.4441962826902024
-4.258301266913569,2.742428706384975,7.000729973298544,-2.101722254533292
9.694270135411475,17.870328765008153,8.176058629596678,-4.536804119354211
5.7129387640953375,13.708697921894242,7.995759157798905,-2.2446206231857593
-7.847808343094589,-0.761558368671583,7.086249974423006,0.55828702057782
2.277821797494873,10.220134520779656,7.942312723284783,-9.376805974137389
-8.521879234101156,-1.3039472926362254,7.217931941464931,0.8089126624005113
-9.161377951563399,-1.9169769488562647,7.244401002707134,-8.604996369309491
4.488655362887435,12.819969227547647,8.331313864660212,6.102843318252134
7.0821029435384055,15.659724884101703,8.577621940563297,0.3678077911660924
4.18205833041716,12.582541966401246,8.400483635984086,2.141896654938141
-8.275330443623846,-0.780277751169888,7.4950526924539576,0.23086326871418617
-1.4143542699887153,6.612611992711143,8.026966262699858,8.192672523620766
5.654429987350127,14.217337927677526,8.562907940327399,8.653787023894846
5.9250792568463275,14.502503034058815,8.577423777212488,-5.289144798665815
1.0819285554868578,9.278775672874117,8.196847117387259,2.711759053614278
-2.737138035497992,5.144405873042457,7.881543908540449,4.238780629610846
6.482956525850028,15.015642485086698,8.53268595923667,3.5805357127271966
0.6836372711029952,8.729574778879373,8.045937507776378,4.057730305724576
1.572821427415862,9.622287383546439,8.049465956130577,-2.4125579350271344
6.814475519557938,15.1826340675473,8.368158547989362,3.692655037190451
-9.932429126849133,-2.905885222890152,7.026543903958981,4.587757453969197
-9.565736895511419,-2.6083315625196786,6.9574053329917405,-3.611048179773017
8.162947618025914,16.34245743986961,8.179509821843695,-0.20921232567771794
5.772084687223222,13.653979408205776,7.8818947209825545,2.5109431435339538
2.596835976687524,10.111701243256146,7.514865266568621,4.2982214575791735
0.2011488061123945,7.397049467467162,7.195900661354767,3.2615400970366757
1.5410604747580265,8.687962113508988,7.146901638750961,11.953480357393085
3.15405501038963,10.262446948106536,7.108391937716905,5.253942892542823
-9.941722082544882,-3.984762975554119,5.956959106990762,3.397814361643018
-9.540950520475448,-3.732707839765279,5.808242680710169,-2.160471595394622
-8.523341282624806,-2.826822899138026,5.696518383486779,0.8241958112666607
3.873766638910457,10.303019652044252,6.429253013133795,6.793067992708504
2.7879592180574253,8.930004752403402,6.142045534345977,2.6157539110381665
8.340810953294728,14.685117400965105,6.344306447670376,3.1263510788186197
6.175114783865354,12.134664401552318,5.959549617686963,-1.8228759841296431
-0.5653381706967728,4.658537150215728,5.223875320912501,-1.5923142439063132
-5.85493705923978,-1.2654056460612217,4.589531413178558,4.114476194064473
-5.916559111549815,-1.5764193326048348,4.34013977894498,5.796126643275905
1.866044679978259,6.538311605295908,4.672266925317649,-0.5501377403102787
-2.024967572495253,2.097464630303028,4.122432202798281,-5.7418040543417685
-4.526267741173475,-0.8555158755740484,3.670751865599427,3.5217250350955025
-0.039390397665904686,3.6980956993284,3.7374860969943047,-6.432954780322311
-0.08518630610406674,3.3737681579412873,3.458954464045354,5.630326101257261
-0.8551999629540212,2.265982094368008,3.121182057322029,-1.7545732677638592
-1.8643791377983945,0.8965665820140987,2.760945719812493,-4.818638025394867
0.2550325196695802,2.8862640555946104,2.6312315359250302,-8.095181124482433
-3.1805063484457996,-1.0993222286800068,2.0811841197657928,5.745699825079216
4.084139223991812,6.414493308609053,2.3303540846172415,12.264629087335724
6.924269344179862,9.169078457960165,2.244809113780302,-3.0339467974115246
2.2521374658994304,3.845529944795612,1.5933924788961815,2.0220088705380634
7.91950431674158,9.634918298329708,1.7154139815881282,4.756762673887301
8.490839467622322,9.944478930945584,1.453639463323261,0.7549725333763592
-9.838493661960417,-10.065339593093688,-0.22684593113327145,-0.7665376530061139
-4.761255749761524,-4.913820464575212,-0.15256471481368844,5.679332663885813
0.5066127040535147,0.4423358486172858,-0.06427685543622882,3.6434271565079737
-4.5733746339356625,-5.325307479122991,-0.7519328451873284,-4.303486177198606
1.5625323993691076,0.9647167538252213,-0.5978156455438863,-5.465935471543781
-7.5210467448943845,-9.105190592065348,-1.5841438471709632,-6.794517526977494
4.464967205265925,3.476164207216436,-0.9888029980494888,-3.495646636948072
3.4849971137671947,2.12096717708479,-1.3640299366824045,2.4509566017229343
-1.5329128539390258,-3.572705430922195,-2.039792576983169,2.2575955211517114
0.750047159330121,-1.4152075289920685,-2.1652546883221895,0.5024994561593265
3.8276416661409165,1.5996793382416983,-2.227962327899218,-4.1922840234956595
5.923178892039216,3.5624286314928764,-2.3607502605463395,-1.4472921989546335
-4.0567664837933375,-7.451979829720282,-3.395213345926945,4.365152628912629
-8.14320927918147,-12.126480599545674,-3.983271320364205,4.527482718417474
-0.8064446694299949,-4.516240858287832,-3.7097961888578372,3.556820433175571
-1.9936504123591696,-6.064083372931815,-4.070432960572646,-2.069227409930889
1.4623089480932698,-2.6149515749487584,-4.077260523042028,-4.735260964318155
-4.984552354544814,-9.8054021279046,-4.820849773359785,-4.253210003657178
-8.016507464354614,-13.318509081374172,-5.302001617019558,1.1480728660821637
8.254909537035132,3.926189026930781,-4.328720510104351,0.636987083709205
-6.389418065002519,-12.056507163880093,-5.667089098877574,1.266081613021834
8.064530636751428,3.2488159371391028,-4.815714699612325,-1.036700146167052
-7.157619117797836,-13.339963897820539,-6.182344780022703,1.7195431713596212
-0.40875645429896856,-6.301882785787163,-5.893126331488195,6.491879915202687
7.61344922179514,2.113372954871494,-5.500076266923646,-6.610093927447848
-0.7167613397713897,-7.041591416026312,-6.324830076254922,-4.035674541434063
7.34235034183747,1.4308771623336858,-5.911473179503784,-1.7384353021657288
3.148519573568663,-3.259384324947816,-6.407903898516479,-1.0893390607749958
5.553855851584718,-0.8460996890055501,-6.399955540590268,0.20565449157707327
-0.6473130873114528,-7.675121549242838,-7.027808461931385,-15.582196618813745
5.099938933070849,-1.6496729679267332,-6.749611900997582,1.2588309600633643
5.08769865600636,-1.805543491602311,-6.893242147608671,6.87242920627224
5.097221213396324,-1.9276810515938099,-7.024902264990134,6.047837393244042
8.580004694134214,1.694462908796023,-6.885541785338191,-4.258427396486738
9.29148400953951,2.348154072310871,-6.943329937228638,-5.889388816960724
-7.835251634733278,-16.163378716016858,-8.328127081283581,3.333306894479726
0.940712850566408,-6.818509214864512,-7.75922206543092,-1.2819953522416543
9.245104663851897,2.0305462033356907,-7.214558460516207,5.497400854282288
-9.85776899989785,-18.57197114896183,-8.714202149063977,-5.952894463723995
7.399874131186046,-0.07560022091505214,-7.475474352101098,-0.5871397010357592
-3.4307541341649177,-11.762709313978311,-8.331955179813393,9.185084840975014
4.011791107250655,-3.794682369743624,-7.806473476994279,-5.494650543373188
6.591683531378784,-1.042486205019805,-7.634169736398589,-5.863454838667556
8.574046383020775,1.0789167779336504,-7.495129605087125,2.0925472833348904
-2.409118812685877,-10.726058086538798,-8.31693927385292,-4.224014697691633
4.385666691482237,-3.4081738845688863,-7.793840576051124,8.559134896951045
1.9351182633304997,-6.017480765488442,-7.952599028818942,1.0961849840481501
1.3022472025178917,-6.661277154971161,-7.963524357489053,14.122738164459244
-4.06789926422805,-12.386189209625645,-8.318289945397595,-1.9985492520924195
-7.222671321069289,-15.718186581511528,-8.495515260442238,3.6150791431390967
2.0667110251856524,-5.661415163856578,-7.72812618904223,0.3791235515932443
1.2793950509611491,-6.425892082319351,-7.7052871332805,1.0900638493461006
-7.959272127601633,-16.26448555402707,-8.305213426425437,-1.5450929689234156
-4.664201872985927,-12.618357414428605,-7.9541555414426774,-7.9510223894208805
-7.605948511605205,-15.666001251247444,-8.060052739642238,-8.975441382652656
9.169038228964858,2.4924864353651115,-6.676551793599747,2.209108448026252
6.674558863780625,-0.05323696839825054,-6.727795832178876,-4.070721316368532
-8.317555699372829,-16.02364627546126,-7.70609057608843,-3.530364980395392
-1.490695341344093,-8.528593243509771,-7.037897902165679,0.8486063057208892
9.441645812997702,3.389694005529056,-6.0519518074686465,-4.296597299187037
-4.171510395218389,-11.068821973357593,-6.897311578139203,6.217042037868271
-4.178723195964398,-10.891591927888488,-6.712868731924089,-8.37075875068327
-5.259628960669918,-11.85948782946121,-6.5998588687912925,-5.120297394313231
8.448923322163719,3.0801018641181397,-5.368821458045579,-0.7092305840104918
-3.080191179399323,-9.102270367784781,-6.022079188385458,-0.8039582934143727
1.3000081597401607,-4.173900800900451,-5.473908960640611,-4.700042729558511
2.533057229179903,-2.620800496079723,-5.153857725259626,-9.82645513534754
-9.968700274829953,-15.825023372907058,-5.856323098077104,5.6815161699336105
8.245641472419514,3.9978201458004374,-4.247821326619077,12.086270870157826
-4.35358235547421,-9.297004129150835,-4.943421773676626,-3.136865651246376
-2.5768746070613773,-7.131141087640203,-4.554266480578826,-5.995633205981115
-9.535196055391202,-14.349237211741395,-4.814041156350193,-1.4437596135775344
8.416425711860057,5.216680384157656,-3.1997453277024013,-16.620112318761006
-2.943674331419908,-6.722058937956893,-3.7783846065369846,-0.6786533425590354
2.735012132282959,-0.3390472079626523,-3.0740593402456113,5.350970653213906
6.597368871108522,4.096069969462072,-2.5012989016464493,3.1947658969311465
6.882546495812186,4.68997722347558,-2.1925692723366055,4.471428050368741
0.7898553594568725,-1.568475144100307,-2.3583305035571795,-4.078813471137146
-4.387518166202893,-6.839525581411484,-2.452007415208591,11.666494209840428
-0.8640643084310256,-2.754169762580238,-1.8901054541492126,1.1717848127069157
4.578502904393957,3.396826765008081,-1.1816761393858768,3.6798808038153803
-5.557652398391342,-7.197136212493797,-1.6394838141024548,1.1383151772907296
-9.091933942054343,-10.692347432341272,-1.6004134902869287,-8.602387415109549
8.396584917786111,8.413257046547537,0.01667212876142643,5.226667868298516
0.8344186301166729,0.5902462003524767,-0.24417242976419634,-4.672118965192527
